,SENIOR_CITIZEN,TENURE,MONTHLY_CHARGES,CHURN_STATUS
SENIOR_CITIZEN,1.0,0.016566877681808985,0.22017333857626245,0.15088932817647296
TENURE,0.016566877681808985,1.0,0.24789985628615183,-0.35222867011307624
MONTHLY_CHARGES,0.22017333857626245,0.24789985628615183,1.0,0.19335642223784502
CHURN_STATUS,0.15088932817647296,-0.35222867011307624,0.19335642223784502,1.0
